                  epoch,         train/box_loss,         train/cls_loss,         train/dfl_loss,   metrics/precision(B),      metrics/recall(B),       metrics/mAP50(B),    metrics/mAP50-95(B),           val/box_loss,           val/cls_loss,           val/dfl_loss,                 lr/pg0,                 lr/pg1,                 lr/pg2
                      0,                 1.5995,                 5.6766,                0.99356,                      0,                      0,                      0,                      0,                 1.4116,                 4.8217,                0.93261,                      0,                      0,                      0
                      1,                 1.6576,                 5.6389,                 1.1277,                      0,                      0,                      0,                      0,                  1.417,                 4.8267,                0.93309,              1.001e-05,              1.001e-05,              1.001e-05
                      2,                 1.3829,                 5.2699,                 1.0617,                      0,                      0,                      0,                      0,                 1.4158,                 4.8213,                0.93103,              1.782e-05,              1.782e-05,              1.782e-05
                      3,                  1.678,                  5.444,                 1.0992,                      0,                      0,                      0,                      0,                 1.4198,                 4.8153,                0.92885,             2.3431e-05,             2.3431e-05,             2.3431e-05
                      4,                 1.4905,                 5.4061,                 1.0556,                      0,                      0,                      0,                      0,                 1.4158,                  4.801,                0.92754,             2.6842e-05,             2.6842e-05,             2.6842e-05
                      5,                 2.1503,                 6.2907,                 1.1271,                      0,                      0,                      0,                      0,                 1.3901,                 4.7641,                0.91085,             2.8053e-05,             2.8053e-05,             2.8053e-05
                      6,                 1.9521,                 6.5247,                 1.1479,                      0,                      0,                      0,                      0,                 1.3468,                  4.762,                0.89278,             2.7064e-05,             2.7064e-05,             2.7064e-05
                      7,                 1.3303,                  5.651,                0.92705,                0.00229,                0.14286,                0.00147,                0.00015,                 1.3317,                  4.765,                 0.8853,             2.3875e-05,             2.3875e-05,             2.3875e-05
                      8,                 1.5741,                 6.2405,                 1.0008,                0.00229,                0.14286,                0.00133,                0.00027,                 1.2969,                 4.7699,                0.87396,             1.8487e-05,             1.8487e-05,             1.8487e-05
                      9,                  1.646,                 5.5731,                0.97235,                0.00234,                0.14286,                0.00137,                0.00041,                 1.2627,                 4.7896,                0.86572,             1.0899e-05,             1.0899e-05,             1.0899e-05
                      0,                 2.3792,                 4.8088,                 1.1998,                      0,                      0,                      0,                      0,                  1.409,                 4.8261,                0.93085,                      0,                      0,                      0
                      1,                  2.041,                  5.093,                 1.1058,                      0,                      0,                      0,                      0,                 1.4183,                 4.8179,                0.93315,                1.1e-05,                1.1e-05,                1.1e-05
                      2,                 2.2483,                 5.1192,                 1.2569,                      0,                      0,                      0,                      0,                 1.4161,                 4.8048,                0.92959,              2.178e-05,              2.178e-05,              2.178e-05
                      3,                 1.9702,                 5.1666,                 1.0836,                      0,                      0,                      0,                      0,                 1.4053,                 4.8016,                0.92567,              3.234e-05,              3.234e-05,              3.234e-05
                      4,                 2.1497,                 5.1235,                 1.2014,                      0,                      0,                      0,                      0,                 1.3947,                  4.806,                0.92727,              4.268e-05,              4.268e-05,              4.268e-05
                      5,                 1.8161,                 4.7956,                 1.0959,                      0,                      0,                      0,                      0,                 1.3613,                 4.8257,                0.92125,               5.28e-05,               5.28e-05,               5.28e-05
                      6,                 1.6802,                 5.3665,                 1.1191,                      0,                      0,                      0,                      0,                 1.3643,                 4.8132,                0.92051,               6.27e-05,               6.27e-05,               6.27e-05
                      7,                 1.6524,                 4.9287,                 1.0575,                      0,                      0,                      0,                      0,                 1.3673,                 4.8344,                0.92936,             7.2381e-05,             7.2381e-05,             7.2381e-05
                      8,                 1.6306,                 4.6476,                0.97592,                      0,                      0,                      0,                      0,                 1.3637,                 4.8417,                0.93675,             8.1841e-05,             8.1841e-05,             8.1841e-05
                      9,                 1.6301,                  5.022,                0.98479,                      0,                      0,                      0,                      0,                 1.3286,                 4.8327,                0.93051,             9.1081e-05,             9.1081e-05,             9.1081e-05
                     10,                 1.6281,                 4.4262,                0.97627,                      0,                      0,                      0,                      0,                 1.3109,                 4.8171,                0.92792,              0.0001001,              0.0001001,              0.0001001
                     11,                  1.362,                 4.1215,                0.93435,                      0,                      0,                      0,                      0,                 1.2525,                 4.7937,                0.91984,              0.0001089,              0.0001089,              0.0001089
                     12,                  1.551,                 4.6057,                 0.9069,                      0,                      0,                      0,                      0,                 1.1839,                 4.7579,                0.85782,             0.00011748,             0.00011748,             0.00011748
                     13,                 1.6286,                 4.1623,                0.95315,                      0,                      0,                      0,                      0,                 1.1487,                 4.7098,                0.86226,             0.00012584,             0.00012584,             0.00012584
                     14,                 1.6842,                 3.1411,                0.97953,                      0,                      0,                      0,                      0,                 1.1604,                 4.6252,                0.85489,             0.00013398,             0.00013398,             0.00013398
                     15,                 1.6795,                 3.0995,                0.86829,                      0,                      0,                      0,                      0,                 1.1553,                 4.6381,                0.85169,              0.0001419,              0.0001419,              0.0001419
                     16,                 1.6651,                 2.8058,                0.88189,                      0,                      0,                      0,                      0,                 1.1336,                 4.5377,                0.83986,              0.0001496,              0.0001496,              0.0001496
                     17,                  1.256,                 2.9522,                0.89845,                      0,                      0,                      0,                      0,                 1.1336,                 4.5377,                0.83986,             0.00015708,             0.00015708,             0.00015708
                     18,                 1.4662,                 2.8124,                0.94493,                      0,                      0,                      0,                      0,                 1.0512,                 4.4305,                0.82063,             0.00016434,             0.00016434,             0.00016434
                     19,                 1.3714,                 2.5456,                0.96014,                      0,                      0,                      0,                      0,                 1.0512,                 4.4305,                0.82063,             0.00017138,             0.00017138,             0.00017138
                     20,                 1.2365,                 2.9463,                0.93864,                0.00254,                0.14286,                0.14608,                0.10226,                 1.0698,                 4.3832,                0.81401,              0.0001782,              0.0001782,              0.0001782
                     21,                 1.8986,                 2.8208,                0.90865,                0.00254,                0.14286,                0.14608,                0.10226,                 1.0698,                 4.3832,                0.81401,              0.0001848,              0.0001848,              0.0001848
                     22,                  1.399,                  2.385,                0.87401,                0.01003,                0.57143,                0.42924,                0.30026,                 1.1076,                 4.2871,                0.81099,             0.00019119,             0.00019119,             0.00019119
                     23,                 1.5916,                 1.9662,                0.91444,                0.01003,                0.57143,                0.42924,                0.30026,                 1.1076,                 4.2871,                0.81099,             0.00019735,             0.00019735,             0.00019735
                     24,                 1.2379,                 2.6784,                 0.9065,                0.00966,                0.57143,                0.39445,                0.25811,                 1.1295,                 4.2363,                0.81102,             0.00020329,             0.00020329,             0.00020329
                     25,                 1.5005,                 3.4484,                 0.9803,                0.00966,                0.57143,                0.39445,                0.25811,                 1.1295,                 4.2363,                0.81102,             0.00020901,             0.00020901,             0.00020901
                     26,                 1.5565,                 1.9701,                0.87821,                0.00754,                0.42857,                0.21829,                0.14558,                  1.111,                 4.2439,                0.81272,             0.00021451,             0.00021451,             0.00021451
                     27,                 1.4011,                 1.9545,                 0.9397,                0.00754,                0.42857,                0.21829,                0.14558,                  1.111,                 4.2439,                0.81272,             0.00021979,             0.00021979,             0.00021979
                     28,                 1.5548,                 1.8114,                0.91192,                0.00754,                0.42857,                0.21829,                0.14558,                 1.1082,                 4.2326,                0.81075,             0.00022485,             0.00022485,             0.00022485
                     29,                 1.1159,                  2.047,                0.87848,                0.00754,                0.42857,                0.21829,                0.14558,                 1.1082,                 4.2326,                0.81075,             0.00022969,             0.00022969,             0.00022969
                     30,                 1.4074,                 1.7299,                0.97841,                0.00754,                0.42857,                0.21829,                0.14558,                 1.0827,                 4.2257,                0.81721,             0.00023431,             0.00023431,             0.00023431
                     31,                 1.5502,                 1.9882,                0.86468,                0.00754,                0.42857,                0.21829,                0.14558,                 1.0827,                 4.2257,                0.81721,             0.00023871,             0.00023871,             0.00023871
                     32,                 1.4413,                  1.655,                0.96205,                0.00754,                0.42857,                0.21829,                0.14558,                 1.0782,                 4.2195,                0.82382,             0.00024289,             0.00024289,             0.00024289
                     33,                 1.3783,                 1.9193,                0.95779,                0.00754,                0.42857,                0.21829,                0.14558,                 1.0782,                 4.2195,                0.82382,             0.00024685,             0.00024685,             0.00024685
                     34,                 1.1511,                 2.0852,                 0.9154,                0.00754,                0.42857,                0.21829,                0.14558,                 1.0757,                 4.2188,                0.82235,             0.00025059,             0.00025059,             0.00025059
                     35,                 1.2625,                 1.8919,                0.92082,                0.00754,                0.42857,                0.21829,                0.14558,                 1.0757,                 4.2188,                0.82235,             0.00025411,             0.00025411,             0.00025411
                     36,                 1.2263,                 2.2965,                0.99218,                0.00565,                0.28571,                0.17813,                0.12642,                 1.0244,                 4.1976,                0.81776,             0.00025741,             0.00025741,             0.00025741
                     37,                 1.3982,                 2.3631,                 1.1885,                0.00565,                0.28571,                0.17813,                0.12642,                 1.0244,                 4.1976,                0.81776,              0.0002605,              0.0002605,              0.0002605
                     38,                 1.3809,                  2.237,                0.97334,                0.00935,                0.42857,                0.31104,                0.22675,                0.98807,                 4.1672,                0.82486,             0.00026336,             0.00026336,             0.00026336
                     39,                 1.5027,                 1.9266,                0.95393,                0.00935,                0.42857,                0.31104,                0.22675,                0.98807,                 4.1672,                0.82486,               0.000266,               0.000266,               0.000266
                     40,                 1.1412,                 1.9638,                 0.9138,                0.00932,                0.42857,                 0.4277,                0.34216,                0.97725,                 4.1101,                 0.8298,             0.00026842,             0.00026842,             0.00026842
                     41,                 1.2809,                 1.7435,                0.97575,                0.00932,                0.42857,                 0.4277,                0.34216,                0.97725,                 4.1101,                 0.8298,             0.00027062,             0.00027062,             0.00027062
                     42,                 1.3286,                 2.1887,                 1.0436,                0.00917,                0.42857,                0.42765,                0.36631,                0.92278,                 4.0789,                0.82911,              0.0002726,              0.0002726,              0.0002726
                     43,                 1.2398,                 1.9747,                 0.9234,                0.00917,                0.42857,                0.42765,                0.36631,                0.92278,                 4.0789,                0.82911,             0.00027436,             0.00027436,             0.00027436
                     44,                 1.4995,                 1.7001,                0.97836,                0.01205,                0.57143,                0.46504,                0.37325,                0.87687,                 4.0317,                0.82246,              0.0002759,              0.0002759,              0.0002759
                     45,                 1.1615,                 1.3259,                0.89161,                0.01205,                0.57143,                0.46504,                0.37325,                0.87687,                 4.0317,                0.82246,             0.00027722,             0.00027722,             0.00027722
                     46,                 1.2706,                 2.3399,                 1.0598,                0.01246,                0.57143,                0.52763,                0.43673,                0.86136,                 4.0196,                0.81771,             0.00027832,             0.00027832,             0.00027832
                     47,                 1.1997,                 2.0972,                0.91256,                0.01246,                0.57143,                0.52763,                0.43673,                0.86136,                 4.0196,                0.81771,              0.0002792,              0.0002792,              0.0002792
                     48,                0.92099,                 1.6117,                0.94321,                0.01384,                0.57143,                0.57792,                0.47698,                0.82047,                 3.9734,                 0.8102,             0.00027987,             0.00027987,             0.00027987
                     49,                 1.1744,                 2.4102,                  1.054,                0.01384,                0.57143,                0.57792,                0.47698,                0.82047,                 3.9734,                 0.8102,             0.00028031,             0.00028031,             0.00028031
                     50,                0.96487,                 1.7941,                0.94018,                 0.0146,                0.57143,                0.57808,                0.45136,                0.80079,                 3.9569,                0.79955,             0.00028053,             0.00028053,             0.00028053
                     51,                0.84629,                 1.3802,                0.88197,                 0.0146,                0.57143,                0.57808,                0.45136,                0.80079,                 3.9569,                0.79955,             0.00028053,             0.00028053,             0.00028053
                     52,                 1.3043,                  2.104,                 1.0629,                 0.0146,                0.57143,                0.57808,                0.45136,                0.80079,                 3.9569,                0.79955,             0.00028031,             0.00028031,             0.00028031
                     53,                 1.0121,                 1.8044,                0.95002,                0.01946,                0.71429,                0.71776,                0.56329,                0.88546,                 3.8779,                0.80014,             0.00027987,             0.00027987,             0.00027987
                     54,                 1.0192,                 1.5426,                 1.0033,                0.01946,                0.71429,                0.71776,                0.56329,                0.88546,                 3.8779,                0.80014,             0.00027921,             0.00027921,             0.00027921
                     55,                 1.1566,                 2.9872,                 1.1712,                0.01946,                0.71429,                0.71776,                0.56329,                0.88546,                 3.8779,                0.80014,             0.00027833,             0.00027833,             0.00027833
                     56,                 1.2366,                  1.674,                  1.009,                0.02016,                0.71429,                0.71786,                0.54928,                0.92281,                 3.7624,                0.80979,             0.00027723,             0.00027723,             0.00027723
                     57,                 1.0351,                 1.5229,                 1.0003,                0.02016,                0.71429,                0.71786,                0.54928,                0.92281,                 3.7624,                0.80979,             0.00027592,             0.00027592,             0.00027592
                     58,                0.97181,                 1.8917,                0.92146,                0.02016,                0.71429,                0.71786,                0.54928,                0.92281,                 3.7624,                0.80979,             0.00027438,             0.00027438,             0.00027438
                     59,                0.92583,                  1.137,                0.84893,                0.02823,                      1,                 0.8612,                0.62169,                0.93351,                 3.5929,                0.81502,             0.00027262,             0.00027262,             0.00027262
                     60,                0.97851,                 1.3062,                0.91243,                0.02823,                      1,                 0.8612,                0.62169,                0.93351,                 3.5929,                0.81502,             0.00027064,             0.00027064,             0.00027064
                     61,                 1.1988,                 2.0351,                0.88976,                0.02823,                      1,                 0.8612,                0.62169,                0.93351,                 3.5929,                0.81502,             0.00026844,             0.00026844,             0.00026844
                     62,                0.86697,                 1.3808,                0.95958,                0.02857,                      1,                  0.995,                0.72022,                0.96772,                 3.3967,                0.82247,             0.00026602,             0.00026602,             0.00026602
                     63,                 1.2732,                 1.9124,                0.92786,                0.02857,                      1,                  0.995,                0.72022,                0.96772,                 3.3967,                0.82247,             0.00026338,             0.00026338,             0.00026338
                     64,                 1.0506,                  2.037,                0.94813,                0.02857,                      1,                  0.995,                0.72022,                0.96772,                 3.3967,                0.82247,             0.00026053,             0.00026053,             0.00026053
                     65,                 1.2202,                 1.3723,                 1.0166,                0.02767,                      1,                  0.995,                0.72062,                0.97289,                 3.2327,                 0.8294,             0.00025745,             0.00025745,             0.00025745
                     66,                 1.1397,                  1.352,                0.85997,                0.02767,                      1,                  0.995,                0.72062,                0.97289,                 3.2327,                 0.8294,             0.00025415,             0.00025415,             0.00025415
                     67,                0.92373,                 1.3854,                0.93626,                0.02767,                      1,                  0.995,                0.72062,                0.97289,                 3.2327,                 0.8294,             0.00025063,             0.00025063,             0.00025063
                     68,                 1.2503,                 1.3719,                 1.0035,                0.02724,                      1,                  0.995,                0.73871,                 0.9765,                 3.1268,                0.83777,             0.00024689,             0.00024689,             0.00024689
                     69,                0.77798,                 1.2305,                0.85478,                0.02724,                      1,                  0.995,                0.73871,                 0.9765,                 3.1268,                0.83777,             0.00024293,             0.00024293,             0.00024293
                     70,                 1.0299,                 1.3509,                0.85112,                0.02724,                      1,                  0.995,                0.73871,                 0.9765,                 3.1268,                0.83777,             0.00023875,             0.00023875,             0.00023875
                     71,                0.86557,                 1.1582,                0.85688,                0.02612,                      1,                  0.995,                  0.723,                 1.0078,                 3.0975,                0.84534,             0.00023436,             0.00023436,             0.00023436
                     72,                  1.084,                 1.7769,                0.86924,                0.02612,                      1,                  0.995,                  0.723,                 1.0078,                 3.0975,                0.84534,             0.00022974,             0.00022974,             0.00022974
                     73,                 1.0713,                 1.2833,                 0.8719,                0.02612,                      1,                  0.995,                  0.723,                 1.0078,                 3.0975,                0.84534,              0.0002249,              0.0002249,              0.0002249
                     74,                 1.0093,                 1.4172,                0.96257,                0.02564,                      1,                  0.995,                0.73638,                0.99555,                 3.1069,                0.84482,             0.00021984,             0.00021984,             0.00021984
                     75,                 1.0415,                 1.2387,                0.87244,                0.02564,                      1,                  0.995,                0.73638,                0.99555,                 3.1069,                0.84482,             0.00021456,             0.00021456,             0.00021456
                     76,                0.90879,                 1.2294,                0.84627,                0.02564,                      1,                  0.995,                0.73638,                0.99555,                 3.1069,                0.84482,             0.00020906,             0.00020906,             0.00020906
                     77,                0.89128,                 1.5373,                0.89055,                0.02482,                      1,                  0.995,                0.76035,                0.93116,                 3.0872,                0.82935,             0.00020335,             0.00020335,             0.00020335
                     78,                 1.0721,                 1.4366,                0.85306,                0.02482,                      1,                  0.995,                0.76035,                0.93116,                 3.0872,                0.82935,             0.00019741,             0.00019741,             0.00019741
                     79,                 0.9582,                 1.3148,                0.89845,                0.02482,                      1,                  0.995,                0.76035,                0.93116,                 3.0872,                0.82935,             0.00019125,             0.00019125,             0.00019125
                     80,                0.80501,                 1.9162,                0.97747,                0.02414,                      1,                  0.995,                0.79699,                0.88054,                 3.0393,                0.81567,             0.00018487,             0.00018487,             0.00018487
                     81,                0.95852,                 1.8917,                0.90424,                0.02414,                      1,                  0.995,                0.79699,                0.88054,                 3.0393,                0.81567,             0.00017827,             0.00017827,             0.00017827
                     82,                 1.2497,                 1.4989,                0.87667,                0.02414,                      1,                  0.995,                0.79699,                0.88054,                 3.0393,                0.81567,             0.00017145,             0.00017145,             0.00017145
                     83,                0.84263,                 1.2462,                0.84932,                0.02349,                      1,                  0.995,                0.78858,                0.84769,                 2.8917,                0.81037,             0.00016442,             0.00016442,             0.00016442
                     84,                  1.074,                 1.7459,                0.93188,                0.02349,                      1,                  0.995,                0.78858,                0.84769,                 2.8917,                0.81037,             0.00015716,             0.00015716,             0.00015716
                     85,                 0.7315,                 1.6359,                0.92928,                0.02349,                      1,                  0.995,                0.78858,                0.84769,                 2.8917,                0.81037,             0.00014968,             0.00014968,             0.00014968
                     86,                0.78882,                 1.7244,                0.90414,                0.02349,                      1,                  0.995,                0.78858,                0.84769,                 2.8917,                0.81037,             0.00014198,             0.00014198,             0.00014198
                     87,                 1.0087,                 1.3995,                0.96087,                      1,                0.78613,                  0.995,                0.75735,                0.82731,                 2.7311,                 0.8054,             0.00013406,             0.00013406,             0.00013406
                     88,                0.99844,                 1.8733,                0.83928,                      1,                0.78613,                  0.995,                0.75735,                0.82731,                 2.7311,                 0.8054,             0.00012593,             0.00012593,             0.00012593
                     89,                0.93674,                 1.2046,                0.93802,                      1,                0.78613,                  0.995,                0.75735,                0.82731,                 2.7311,                 0.8054,             0.00011757,             0.00011757,             0.00011757
                     90,                0.77037,                 1.7961,                0.80543,                      1,                0.78613,                  0.995,                0.75735,                0.82731,                 2.7311,                 0.8054,             0.00010899,             0.00010899,             0.00010899
                     91,                0.81306,                 1.5386,                0.81965,                      1,                0.56963,                  0.995,                0.76924,                0.81726,                 2.5484,                 0.8007,             0.00010019,             0.00010019,             0.00010019
                     92,                0.83424,                  1.584,                 1.0058,                      1,                0.56963,                  0.995,                0.76924,                0.81726,                 2.5484,                 0.8007,             9.1173e-05,             9.1173e-05,             9.1173e-05
                     93,                0.95999,                 1.6337,                 0.9431,                      1,                0.56963,                  0.995,                0.76924,                0.81726,                 2.5484,                 0.8007,             8.1935e-05,             8.1935e-05,             8.1935e-05
                     94,                0.80162,                 1.5432,                0.99693,                      1,                0.56963,                  0.995,                0.76924,                0.81726,                 2.5484,                 0.8007,             7.2477e-05,             7.2477e-05,             7.2477e-05
                     95,                0.86253,                 1.5213,                0.94174,                      1,                0.93967,                  0.995,                0.76923,                0.79876,                 2.3485,                0.79827,             6.2799e-05,             6.2799e-05,             6.2799e-05
                     96,                0.82011,                 1.5399,                0.91758,                      1,                0.93967,                  0.995,                0.76923,                0.79876,                 2.3485,                0.79827,             5.2901e-05,             5.2901e-05,             5.2901e-05
                     97,                0.63687,                 1.3295,                0.86829,                      1,                0.93967,                  0.995,                0.76923,                0.79876,                 2.3485,                0.79827,             4.2783e-05,             4.2783e-05,             4.2783e-05
                     98,                0.81572,                 1.6057,                0.85586,                      1,                0.93967,                  0.995,                0.76923,                0.79876,                 2.3485,                0.79827,             3.2446e-05,             3.2446e-05,             3.2446e-05
                     99,                0.95122,                 1.5402,                0.94349,                0.96381,                      1,                  0.995,                0.77589,                0.79918,                 2.1801,                0.79749,             2.1888e-05,             2.1888e-05,             2.1888e-05
